Folder,File,Spots1,Spots2,Spots3,Area,DMax,Dmin,Smax,Smin
S:\micro\asa\vid\smc\20200728_3PO_Screen\20200728_135736_625/,Plate000_Well3_Object11.tif_projection.tif,403,2135,460,2233709,1855.4971,106.4184,2761,178
S:\micro\asa\vid\smc\20200728_3PO_Screen\20200728_135736_625/,Plate000_Well3_Object4.tif_projection.tif,783,4591,918,7016961,2404.1558,106.8406,2408,141
S:\micro\asa\vid\smc\20200728_3PO_Screen\20200728_135736_625/,Plate000_Well1_Object0.tif_projection.tif,579,3489,693,4364691,2213.2524,106.4421,2059,153
S:\micro\asa\vid\smc\20200728_3PO_Screen\20200728_135736_625/,Plate000_Well2_Object6.tif_projection.tif,708,2096,737,5154438,2545.4497,106.0502,2125,125
S:\micro\asa\vid\smc\20200728_3PO_Screen\20200728_135736_625/,Plate000_Well1_Object4.tif_projection.tif,489,2904,581,3374541,2273.2397,106.9456,2579,164
S:\micro\asa\vid\smc\20200728_3PO_Screen\20200728_135736_625/,Plate000_Well3_Object3.tif_projection.tif,667,3806,769,5642960,2209.9275,106.5561,2244,136
S:\micro\asa\vid\smc\20200728_3PO_Screen\20200728_135736_625/,Plate000_Well3_Object1.tif_projection.tif,895,6117,1096,5935855,2484.0654,106.8797,2248,130
S:\micro\asa\vid\smc\20200728_3PO_Screen\20200728_135736_625/,Plate000_Well3_Object2.tif_projection.tif,528,2910,603,3293464,1927.2623,106.7747,2998,164
S:\micro\asa\vid\smc\20200728_3PO_Screen\20200728_135736_625/,Plate000_Well2_Object5.tif_projection.tif,610,2503,655,5773769,3855.4478,106.3488,8621,143
S:\micro\asa\vid\smc\20200728_3PO_Screen\20200728_135736_625/,Plate000_Well2_Object4.tif_projection.tif,295,1604,319,1817510,2248.5784,106.8297,2753,159
S:\micro\asa\vid\smc\20200728_3PO_Screen\20200728_135736_625/,Plate000_Well2_Object0.tif_projection.tif,499,1982,543,4255778,2644.6914,106.8527,2449,183
S:\micro\asa\vid\smc\20200728_3PO_Screen\20200728_135736_625/,Plate000_Well1_Object7.tif_projection.tif,409,2390,469,3979488,2366.2778,106.6789,2296,152
S:\micro\asa\vid\smc\20200728_3PO_Screen\20200728_135736_625/,Plate000_Well4_Object1.tif_projection.tif,74,920,152,2708887,2248.1187,105.964,2858,148
S:\micro\asa\vid\smc\20200728_3PO_Screen\20200728_135736_625/,Plate000_Well3_Object6.tif_projection.tif,1030,4842,1193,7016464,2273.885,106.6942,2578,153
S:\micro\asa\vid\smc\20200728_3PO_Screen\20200728_135736_625/,Plate000_Well3_Object5.tif_projection.tif,664,3783,829,3780721,1898.4523,106.842,3166,179
S:\micro\asa\vid\smc\20200728_3PO_Screen\20200728_135736_625/,Plate000_Well1_Object3.tif_projection.tif,498,2707,611,4443169,2113.7812,106.6677,2154,149
S:\micro\asa\vid\smc\20200728_3PO_Screen\20200728_135736_625/,Plate000_Well4_Object4.tif_projection.tif,35,266,43,996509,1662.9969,106.9571,3145,209
S:\micro\asa\vid\smc\20200728_3PO_Screen\20200728_135736_625/,Plate000_Well4_Object6.tif_projection.tif,8,165,13,2686071,1072.7078,105.9208,2788,133
S:\micro\asa\vid\smc\20200728_3PO_Screen\20200728_135736_625/,Plate000_Well3_Object7.tif_projection.tif,404,2087,471,2462557,2088.4534,106.6479,2809,157
S:\micro\asa\vid\smc\20200728_3PO_Screen\20200728_135736_625/,Plate000_Well4_Object3.tif_projection.tif,131,637,143,3047868,1655.1311,105.4146,3951,127
S:\micro\asa\vid\smc\20200728_3PO_Screen\20200728_135736_625/,Plate000_Well4_Object2.tif_projection.tif,23,285,42,3878607,1289.3608,105.5477,2717,137
S:\micro\asa\vid\smc\20200728_3PO_Screen\20200728_135736_625/,Plate000_Well2_Object1.tif_projection.tif,455,1178,482,3802187,2609.7952,106.8503,3086,234
S:\micro\asa\vid\smc\20200728_3PO_Screen\20200728_135736_625/,Plate000_Well1_Object2.tif_projection.tif,852,4624,1010,6854830,2144.9153,107.0337,2409,153
S:\micro\asa\vid\smc\20200728_3PO_Screen\20200728_135736_625/,Plate000_Well1_Object6.tif_projection.tif,1173,6460,1434,8799722,2681.2463,106.5217,2615,163
S:\micro\asa\vid\smc\20200728_3PO_Screen\20200728_135736_625/,Plate000_Well3_Object0.tif_projection.tif,0,0,0,267822,117.7892,106.9178,452,182
S:\micro\asa\vid\smc\20200728_3PO_Screen\20200728_135736_625/,Plate000_Well1_Object5.tif_projection.tif,436,2416,511,3748514,2515.8167,107.0401,2819,171
S:\micro\asa\vid\smc\20200728_3PO_Screen\20200728_135736_625/,Plate000_Well2_Object3.tif_projection.tif,444,1088,487,4799066,3266.9338,106.4466,12947,162
S:\micro\asa\vid\smc\20200728_3PO_Screen\20200728_135736_625/,Plate000_Well3_Object8.tif_projection.tif,571,4274,696,4700264,2054.061,106.2923,2361,134
S:\micro\asa\vid\smc\20200728_3PO_Screen\20200728_135736_625/,Plate000_Well2_Object7.tif_projection.tif,367,1446,403,4887574,3073.822,106.099,2812,172
S:\micro\asa\vid\smc\20200728_3PO_Screen\20200728_135736_625/,Plate000_Well4_Object0.tif_projection.tif,117,585,144,3246982,1663.3325,106.4262,8429,204
S:\micro\asa\vid\smc\20200728_3PO_Screen\20200728_135736_625/,Plate000_Well3_Object10.tif_projection.tif,519,3010,599,3260721,2393.8149,106.7945,1734,141
S:\micro\asa\vid\smc\20200728_3PO_Screen\20200728_135736_625/,Plate000_Well2_Object2.tif_projection.tif,359,1859,396,3500038,3609.0291,106.7024,3300,172
S:\micro\asa\vid\smc\20200728_3PO_Screen\20200728_135736_625/,Plate000_Well4_Object5.tif_projection.tif,396,2571,577,3352341,3386.854,106.1545,4425,164
S:\micro\asa\vid\smc\20200728_3PO_Screen\20200728_135736_625/,Plate000_Well1_Object1.tif_projection.tif,328,1716,385,2329954,2215.8123,106.8178,2694,184
S:\micro\asa\vid\smc\20200728_3PO_Screen\20200728_135736_625/,Plate000_Well1_Object8.tif_projection.tif,675,4025,866,3906392,2301.2603,106.9694,1801,148
S:\micro\asa\vid\smc\20200728_3PO_Screen\20200728_135736_625/,Plate000_Well3_Object9.tif_projection.tif,683,4034,799,5918171,2869.6609,106.4712,2337,125
S:\micro\asa\vid\smc\20200728_3PO_Screen\20200728_143341_677/,Plate000_Well1_Object4.tif_projection.tif,225,2058,287,2905376,2013.1814,106.4135,2633,136
S:\micro\asa\vid\smc\20200728_3PO_Screen\20200728_143341_677/,Plate000_Well1_Object7.tif_projection.tif,275,2133,363,3070719,2443.186,106.8163,2589,199
S:\micro\asa\vid\smc\20200728_3PO_Screen\20200728_143341_677/,Plate000_Well1_Object3.tif_projection.tif,477,2782,536,4515841,1973.8571,106.2685,2136,176
S:\micro\asa\vid\smc\20200728_3PO_Screen\20200728_143341_677/,Plate000_Well1_Object10.tif_projection.tif,365,2413,438,3708185,2093.0461,106.2704,2272,170
S:\micro\asa\vid\smc\20200728_3PO_Screen\20200728_143341_677/,Plate000_Well1_Object2.tif_projection.tif,515,2520,642,5816902,2094.7007,105.9145,2377,140
S:\micro\asa\vid\smc\20200728_3PO_Screen\20200728_143341_677/,Plate000_Well1_Object6.tif_projection.tif,295,1648,364,2967248,1993.6027,106.5896,2670,149
S:\micro\asa\vid\smc\20200728_3PO_Screen\20200728_143341_677/,Plate000_Well1_Object5.tif_projection.tif,260,1957,324,2722759,1977.579,106.2374,2432,183
S:\micro\asa\vid\smc\20200728_3PO_Screen\20200728_143341_677/,Plate000_Well1_Object9.tif_projection.tif,250,1650,323,3305601,2316.4973,106.5668,3600,196
S:\micro\asa\vid\smc\20200728_3PO_Screen\20200728_143341_677/,Plate000_Well1_Object1.tif_projection.tif,686,4135,818,6398036,2007.2051,106.6865,4764,153
S:\micro\asa\vid\smc\20200728_3PO_Screen\20200728_143341_677/,Plate000_Well1_Object8.tif_projection.tif,469,2396,544,3283295,1836.3679,106.3381,1918,138
S:\micro\asa\vid\smc\20200728_3PO_Screen\20200728_091910_390/,Plate002_Well2_Object5.tif_projection.tif,635,3053,732,5280988,1879.1398,105.9949,2295,152
S:\micro\asa\vid\smc\20200728_3PO_Screen\20200728_091910_390/,Plate003_Well2_Object2.tif_projection.tif,650,3793,777,3914000,2590.6248,105.4138,2294,109
S:\micro\asa\vid\smc\20200728_3PO_Screen\20200728_091910_390/,Plate003_Well1_Object4.tif_projection.tif,117,581,154,1652739,2525.1824,106.2295,3368,216
S:\micro\asa\vid\smc\20200728_3PO_Screen\20200728_091910_390/,Plate003_Well2_Object6.tif_projection.tif,544,3015,631,3169094,2362.5681,106.5691,2242,138
S:\micro\asa\vid\smc\20200728_3PO_Screen\20200728_091910_390/,Plate002_Well4_Object1.tif_projection.tif,905,4632,1015,4762208,7600.1899,106.5021,2800,131
S:\micro\asa\vid\smc\20200728_3PO_Screen\20200728_091910_390/,Plate003_Well4_Object4.tif_projection.tif,1558,8412,1839,12899192,3215.1931,106.4932,2178,146
S:\micro\asa\vid\smc\20200728_3PO_Screen\20200728_091910_390/,Plate001_Well1_Object1.tif_projection.tif,594,2552,680,2528988,2308.0786,106.6467,2177,162
S:\micro\asa\vid\smc\20200728_3PO_Screen\20200728_091910_390/,Plate003_Well3_Object5.tif_projection.tif,203,1176,219,3297274,2556.9031,106.2804,2787,200
S:\micro\asa\vid\smc\20200728_3PO_Screen\20200728_091910_390/,Plate001_Well3_Object7.tif_projection.tif,565,1864,610,2511048,1457.2286,106.6273,2594,187
S:\micro\asa\vid\smc\20200728_3PO_Screen\20200728_091910_390/,Plate001_Well4_Object7.tif_projection.tif,273,1211,325,1808004,2303.9385,106.2758,2194,145
S:\micro\asa\vid\smc\20200728_3PO_Screen\20200728_091910_390/,Plate003_Well4_Object8.tif_projection.tif,392,2519,486,2811283,2910.9448,106.1655,3088,216
S:\micro\asa\vid\smc\20200728_3PO_Screen\20200728_091910_390/,Plate001_Well4_Object4.tif_projection.tif,370,1828,396,2601198,2250.1887,106.1376,2901,143
S:\micro\asa\vid\smc\20200728_3PO_Screen\20200728_091910_390/,Plate003_Well2_Object3.tif_projection.tif,739,3946,846,5316392,2376.991,106.5443,2166,137
S:\micro\asa\vid\smc\20200728_3PO_Screen\20200728_091910_390/,Plate001_Well2_Object3.tif_projection.tif,44,461,71,1872574,1859.1453,106.6261,2122,162
S:\micro\asa\vid\smc\20200728_3PO_Screen\20200728_091910_390/,Plate003_Well3_Object1.tif_projection.tif,435,2103,477,5959238,2157.6448,106.2463,2768,171
S:\micro\asa\vid\smc\20200728_3PO_Screen\20200728_091910_390/,Plate000_Well3_Object4.tif_projection.tif,928,5852,1309,9922213,1966.1007,106.6813,9480,132
S:\micro\asa\vid\smc\20200728_3PO_Screen\20200728_091910_390/,Plate001_Well1_Object4.tif_projection.tif,623,1509,680,2766816,1941.2518,107.2066,2178,155
S:\micro\asa\vid\smc\20200728_3PO_Screen\20200728_091910_390/,Plate000_Well1_Object0.tif_projection.tif,366,1432,399,3729458,1865.476,106.6934,2723,195
S:\micro\asa\vid\smc\20200728_3PO_Screen\20200728_091910_390/,Plate000_Well2_Object6.tif_projection.tif,630,2730,689,2491122,2008.4993,106.2877,2326,171
S:\micro\asa\vid\smc\20200728_3PO_Screen\20200728_091910_390/,Plate001_Well3_Object0.tif_projection.tif,690,3424,786,4031012,1687.3508,106.1212,2433,174
S:\micro\asa\vid\smc\20200728_3PO_Screen\20200728_091910_390/,Plate002_Well4_Object5.tif_projection.tif,589,3590,696,2877593,2769.2808,106.59,2731,141
S:\micro\asa\vid\smc\20200728_3PO_Screen\20200728_091910_390/,Plate003_Well2_Object4.tif_projection.tif,404,1867,432,2352923,2171.0645,105.6712,2424,145
S:\micro\asa\vid\smc\20200728_3PO_Screen\20200728_091910_390/,Plate000_Well1_Object4.tif_projection.tif,286,671,310,1728027,1714.6807,106.3889,2687,178
S:\micro\asa\vid\smc\20200728_3PO_Screen\20200728_091910_390/,Plate003_Well3_Object7.tif_projection.tif,445,2448,481,6574158,3065.582,105.7316,2758,143
S:\micro\asa\vid\smc\20200728_3PO_Screen\20200728_091910_390/,Plate002_Well2_Object4.tif_projection.tif,515,3403,634,3102964,2454.7214,106.8599,2805,166
S:\micro\asa\vid\smc\20200728_3PO_Screen\20200728_091910_390/,Plate000_Well3_Object3.tif_projection.tif,653,4205,832,6450806,1767.4038,106.1261,2333,144
S:\micro\asa\vid\smc\20200728_3PO_Screen\20200728_091910_390/,Plate000_Well3_Object1.tif_projection.tif,1527,6353,1731,12986621,2103.6604,106.5545,3475,126
S:\micro\asa\vid\smc\20200728_3PO_Screen\20200728_091910_390/,Plate003_Well3_Object0.tif_projection.tif,200,1412,223,2885344,2239.9429,106.8006,2552,157
S:\micro\asa\vid\smc\20200728_3PO_Screen\20200728_091910_390/,Plate003_Well3_Object8.tif_projection.tif,165,1115,203,2286263,2880.3464,106.0312,2498,153
S:\micro\asa\vid\smc\20200728_3PO_Screen\20200728_091910_390/,Plate002_Well2_Object7.tif_projection.tif,459,2667,528,4136388,1927.7086,105.7425,2142,136
S:\micro\asa\vid\smc\20200728_3PO_Screen\20200728_091910_390/,Plate001_Well3_Object2.tif_projection.tif,651,3004,703,2800477,1528.3149,106.7185,2370,166
S:\micro\asa\vid\smc\20200728_3PO_Screen\20200728_091910_390/,Plate003_Well1_Object1.tif_projection.tif,110,945,200,2916164,1788.007,106.5592,2448,207
S:\micro\asa\vid\smc\20200728_3PO_Screen\20200728_091910_390/,Plate000_Well3_Object2.tif_projection.tif,827,2841,904,6833714,1815.222,106.3874,4481,192
S:\micro\asa\vid\smc\20200728_3PO_Screen\20200728_091910_390/,Plate002_Well2_Object8.tif_projection.tif,620,2824,672,4031507,2845.7065,105.6667,2153,118
S:\micro\asa\vid\smc\20200728_3PO_Screen\20200728_091910_390/,Plate000_Well2_Object5.tif_projection.tif,657,2212,709,2576139,1892.5571,106.6583,2150,151
S:\micro\asa\vid\smc\20200728_3PO_Screen\20200728_091910_390/,Plate002_Well1_Object3.tif_projection.tif,910,4411,1020,4938301,6041.6138,106.5574,17214,140
S:\micro\asa\vid\smc\20200728_3PO_Screen\20200728_091910_390/,Plate000_Well2_Object4.tif_projection.tif,834,1553,816,3690471,2111.5085,106.3385,2021,131
S:\micro\asa\vid\smc\20200728_3PO_Screen\20200728_091910_390/,Plate001_Well4_Object3.tif_projection.tif,640,2890,709,5643979,2276.7183,106.648,2457,149
S:\micro\asa\vid\smc\20200728_3PO_Screen\20200728_091910_390/,Plate002_Well1_Object8.tif_projection.tif,678,3589,762,3307295,3277.6997,106.7557,3146,163
S:\micro\asa\vid\smc\20200728_3PO_Screen\20200728_091910_390/,Plate000_Well2_Object0.tif_projection.tif,808,1401,747,8326322,1469.4961,105.5532,1572,115
S:\micro\asa\vid\smc\20200728_3PO_Screen\20200728_091910_390/,Plate003_Well2_Object1.tif_projection.tif,552,3148,634,3790143,2256.4338,106.3934,3046,159
S:\micro\asa\vid\smc\20200728_3PO_Screen\20200728_091910_390/,Plate001_Well3_Object3.tif_projection.tif,658,3362,786,3238926,1940.224,106.4628,2401,161
S:\micro\asa\vid\smc\20200728_3PO_Screen\20200728_091910_390/,Plate002_Well2_Object1.tif_projection.tif,632,3981,1031,6026539,2436.8005,105.9314,2157,125
S:\micro\asa\vid\smc\20200728_3PO_Screen\20200728_091910_390/,Plate002_Well1_Object0.tif_projection.tif,776,3922,866,4149995,2538.5566,107.0152,2271,167
S:\micro\asa\vid\smc\20200728_3PO_Screen\20200728_091910_390/,Plate002_Well4_Object8.tif_projection.tif,1047,5269,1245,6523494,2527.7566,106.6831,2846,166
S:\micro\asa\vid\smc\20200728_3PO_Screen\20200728_091910_390/,Plate003_Well1_Object2.tif_projection.tif,40,346,58,1315278,1928.1033,106.1029,3942,152
S:\micro\asa\vid\smc\20200728_3PO_Screen\20200728_091910_390/,Plate003_Well4_Object1.tif_projection.tif,353,2059,423,2166081,2186.6814,107.2265,1959,170
S:\micro\asa\vid\smc\20200728_3PO_Screen\20200728_091910_390/,Plate001_Well1_Object2.tif_projection.tif,869,2291,933,3457420,1638.7533,106.4898,2581,164
S:\micro\asa\vid\smc\20200728_3PO_Screen\20200728_091910_390/,Plate002_Well4_Object0.tif_projection.tif,1123,5868,1310,6413752,2279.3447,106.5629,2924,165
S:\micro\asa\vid\smc\20200728_3PO_Screen\20200728_091910_390/,Plate000_Well4_Object1.tif_projection.tif,271,745,287,3019116,2027.7607,106.851,2929,190
S:\micro\asa\vid\smc\20200728_3PO_Screen\20200728_091910_390/,Plate000_Well4_Object10.tif_projection.tif,530,2616,589,4343628,3234.1882,106.6173,2300,131
S:\micro\asa\vid\smc\20200728_3PO_Screen\20200728_091910_390/,Plate001_Well3_Object6.tif_projection.tif,1033,5500,1291,6165369,2129.2917,105.9424,2513,124
S:\micro\asa\vid\smc\20200728_3PO_Screen\20200728_091910_390/,Plate002_Well2_Object3.tif_projection.tif,677,3815,803,5602833,1993.6449,106.7045,2323,136
S:\micro\asa\vid\smc\20200728_3PO_Screen\20200728_091910_390/,Plate001_Well4_Object5.tif_projection.tif,464,2602,511,3655405,2448.8457,106.7702,2654,171
S:\micro\asa\vid\smc\20200728_3PO_Screen\20200728_091910_390/,Plate000_Well3_Object6.tif_projection.tif,502,1372,569,3849448,1666.6089,107.0116,2679,164
S:\micro\asa\vid\smc\20200728_3PO_Screen\20200728_091910_390/,Plate001_Well3_Object8.tif_projection.tif,660,1847,718,3160915,1770.1487,106.4425,2878,179
S:\micro\asa\vid\smc\20200728_3PO_Screen\20200728_091910_390/,Plate001_Well3_Object1.tif_projection.tif,1108,5247,1267,5955233,1853.1705,106.3168,2449,177
S:\micro\asa\vid\smc\20200728_3PO_Screen\20200728_091910_390/,Plate003_Well4_Object6.tif_projection.tif,483,2737,570,3266626,2510.9526,106.5474,5783,171
S:\micro\asa\vid\smc\20200728_3PO_Screen\20200728_091910_390/,Plate002_Well4_Object3.tif_projection.tif,889,3924,1026,4454265,2155.2896,106.704,2455,139
S:\micro\asa\vid\smc\20200728_3PO_Screen\20200728_091910_390/,Plate002_Well1_Object7.tif_projection.tif,699,3152,764,3969799,1950.8519,106.3868,3878,172
S:\micro\asa\vid\smc\20200728_3PO_Screen\20200728_091910_390/,Plate001_Well2_Object1.tif_projection.tif,232,1426,328,4939547,3993.9502,106.0809,2618,135
S:\micro\asa\vid\smc\20200728_3PO_Screen\20200728_091910_390/,Plate001_Well2_Object9.tif_projection.tif,472,1800,566,3886099,2030.239,106.07,2522,127
S:\micro\asa\vid\smc\20200728_3PO_Screen\20200728_091910_390/,Plate002_Well2_Object0.tif_projection.tif,595,4115,747,5687281,2568.4683,106.3681,1888,151
S:\micro\asa\vid\smc\20200728_3PO_Screen\20200728_091910_390/,Plate003_Well3_Object4.tif_projection.tif,102,703,110,1962840,2110.824,106.0393,2547,201
S:\micro\asa\vid\smc\20200728_3PO_Screen\20200728_091910_390/,Plate001_Well2_Object4.tif_projection.tif,374,1519,474,3473222,2036.8544,106.5005,2841,170
S:\micro\asa\vid\smc\20200728_3PO_Screen\20200728_091910_390/,Plate002_Well1_Object9.tif_projection.tif,742,4559,834,4138013,2082.7405,106.1142,2726,153
S:\micro\asa\vid\smc\20200728_3PO_Screen\20200728_091910_390/,Plate001_Well1_Object0.tif_projection.tif,1318,4191,1441,5515053,1995.1069,106.0347,2321,113
S:\micro\asa\vid\smc\20200728_3PO_Screen\20200728_091910_390/,Plate001_Well4_Object1.tif_projection.tif,479,2275,527,3834114,2239.0703,106.5216,2534,191
S:\micro\asa\vid\smc\20200728_3PO_Screen\20200728_091910_390/,Plate002_Well1_Object1.tif_projection.tif,1002,5504,1214,4566009,2501.6606,106.711,2377,146
S:\micro\asa\vid\smc\20200728_3PO_Screen\20200728_091910_390/,Plate000_Well3_Object5.tif_projection.tif,684,4551,883,6226736,2418.3296,106.7213,2166,120
S:\micro\asa\vid\smc\20200728_3PO_Screen\20200728_091910_390/,Plate001_Well2_Object7.tif_projection.tif,563,3372,972,5622241,2697.3262,106.223,2859,191
S:\micro\asa\vid\smc\20200728_3PO_Screen\20200728_091910_390/,Plate001_Well1_Object8.tif_projection.tif,1502,6015,1682,7112623,2110.9363,106.5815,2139,156
S:\micro\asa\vid\smc\20200728_3PO_Screen\20200728_091910_390/,Plate000_Well4_Object7.tif_projection.tif,330,1194,347,4252194,2582.7148,106.3299,2741,164
S:\micro\asa\vid\smc\20200728_3PO_Screen\20200728_091910_390/,Plate001_Well4_Object0.tif_projection.tif,297,1577,324,3333791,2177.1433,106.1391,2144,136
S:\micro\asa\vid\smc\20200728_3PO_Screen\20200728_091910_390/,Plate003_Well1_Object6.tif_projection.tif,157,1208,242,2730186,2579.425,106.3344,2734,210
S:\micro\asa\vid\smc\20200728_3PO_Screen\20200728_091910_390/,Plate002_Well2_Object2.tif_projection.tif,825,3267,883,6057940,2517.0046,105.4395,2503,149
S:\micro\asa\vid\smc\20200728_3PO_Screen\20200728_091910_390/,Plate003_Well2_Object5.tif_projection.tif,751,4525,885,4829212,2479.1965,106.1672,2381,148
S:\micro\asa\vid\smc\20200728_3PO_Screen\20200728_091910_390/,Plate002_Well3_Object0.tif_projection.tif,429,1213,468,3647260,2626.3354,107.3678,3017,209
S:\micro\asa\vid\smc\20200728_3PO_Screen\20200728_091910_390/,Plate001_Well2_Object5.tif_projection.tif,122,518,141,2068351,1941.9424,106.0596,2856,145
S:\micro\asa\vid\smc\20200728_3PO_Screen\20200728_091910_390/,Plate002_Well4_Object4.tif_projection.tif,802,3999,883,5153973,2967.5728,106.8412,2833,158
S:\micro\asa\vid\smc\20200728_3PO_Screen\20200728_091910_390/,Plate003_Well4_Object3.tif_projection.tif,319,1923,391,2003639,2028.3485,106.9246,2566,212
S:\micro\asa\vid\smc\20200728_3PO_Screen\20200728_091910_390/,Plate000_Well1_Object3.tif_projection.tif,772,2493,807,5135421,1630.3618,105.9528,2031,143
S:\micro\asa\vid\smc\20200728_3PO_Screen\20200728_091910_390/,Plate000_Well4_Object4.tif_projection.tif,386,1046,403,3267629,1782.6483,106.5643,2588,194
S:\micro\asa\vid\smc\20200728_3PO_Screen\20200728_091910_390/,Plate001_Well1_Object5.tif_projection.tif,898,3789,1001,3658218,2432.7644,106.5111,2248,175
S:\micro\asa\vid\smc\20200728_3PO_Screen\20200728_091910_390/,Plate003_Well1_Object3.tif_projection.tif,179,1740,299,5195103,2732.0305,106.1011,2875,184
S:\micro\asa\vid\smc\20200728_3PO_Screen\20200728_091910_390/,Plate001_Well1_Object7.tif_projection.tif,1704,7311,1920,8093419,2921.1013,106.9207,2453,123
S:\micro\asa\vid\smc\20200728_3PO_Screen\20200728_091910_390/,Plate000_Well4_Object6.tif_projection.tif,359,786,379,2823536,1895.8237,107.13,3233,182
S:\micro\asa\vid\smc\20200728_3PO_Screen\20200728_091910_390/,Plate002_Well1_Object6.tif_projection.tif,881,4358,977,4531579,2065.3535,106.9326,2278,147
S:\micro\asa\vid\smc\20200728_3PO_Screen\20200728_091910_390/,Plate002_Well1_Object2.tif_projection.tif,728,4604,890,3908636,2101.3184,106.8189,3841,180
S:\micro\asa\vid\smc\20200728_3PO_Screen\20200728_091910_390/,Plate002_Well4_Object9.tif_projection.tif,1130,5739,1254,6350861,2349.6753,106.6564,2939,177
S:\micro\asa\vid\smc\20200728_3PO_Screen\20200728_091910_390/,Plate000_Well3_Object7.tif_projection.tif,390,1575,451,2904481,2145.5417,106.9158,2789,207
S:\micro\asa\vid\smc\20200728_3PO_Screen\20200728_091910_390/,Plate003_Well4_Object9.tif_projection.tif,351,2378,427,2996589,2254.5674,106.4101,1967,171
S:\micro\asa\vid\smc\20200728_3PO_Screen\20200728_091910_390/,Plate003_Well4_Object0.tif_projection.tif,885,4320,1038,5071759,2619.4824,106.7039,2319,184
S:\micro\asa\vid\smc\20200728_3PO_Screen\20200728_091910_390/,Plate002_Well4_Object7.tif_projection.tif,827,5196,960,3631348,2530.5735,106.862,2969,118
S:\micro\asa\vid\smc\20200728_3PO_Screen\20200728_091910_390/,Plate003_Well3_Object6.tif_projection.tif,253,1443,297,3549929,2317.8542,106.3512,2325,190
S:\micro\asa\vid\smc\20200728_3PO_Screen\20200728_091910_390/,Plate002_Well2_Object6.tif_projection.tif,317,1879,361,2348831,1988.9755,106.1393,2703,159
S:\micro\asa\vid\smc\20200728_3PO_Screen\20200728_091910_390/,Plate001_Well3_Object5.tif_projection.tif,641,2403,701,3329556,1632.6101,106.4779,2998,181
S:\micro\asa\vid\smc\20200728_3PO_Screen\20200728_091910_390/,Plate003_Well2_Object0.tif_projection.tif,548,3335,619,3343961,2300.5737,106.5495,2253,154
S:\micro\asa\vid\smc\20200728_3PO_Screen\20200728_091910_390/,Plate002_Well3_Object5.tif_projection.tif,643,1448,691,6089839,2734.0566,106.669,3137,244
S:\micro\asa\vid\smc\20200728_3PO_Screen\20200728_091910_390/,Plate000_Well4_Object3.tif_projection.tif,56,48,44,217098,950.9681,106.25,1499,162
S:\micro\asa\vid\smc\20200728_3PO_Screen\20200728_091910_390/,Plate003_Well1_Object5.tif_projection.tif,260,2308,498,4139181,2199.5269,106.1448,2350,148
S:\micro\asa\vid\smc\20200728_3PO_Screen\20200728_091910_390/,Plate002_Well3_Object4.tif_projection.tif,214,514,231,1698638,2476.5708,107.1711,3963,318
S:\micro\asa\vid\smc\20200728_3PO_Screen\20200728_091910_390/,Plate000_Well4_Object2.tif_projection.tif,435,1328,474,3805520,2319.2554,106.7074,2256,134
S:\micro\asa\vid\smc\20200728_3PO_Screen\20200728_091910_390/,Plate000_Well2_Object1.tif_projection.tif,2316,9434,2488,10585425,2145.5391,107.3338,5202,139
S:\micro\asa\vid\smc\20200728_3PO_Screen\20200728_091910_390/,Plate001_Well4_Object2.tif_projection.tif,352,1547,385,2682116,2147.1113,106.6159,2593,211
S:\micro\asa\vid\smc\20200728_3PO_Screen\20200728_091910_390/,Plate000_Well1_Object2.tif_projection.tif,656,2286,707,4436296,1605.8716,106.7271,2297,202
S:\micro\asa\vid\smc\20200728_3PO_Screen\20200728_091910_390/,Plate000_Well4_Object8.tif_projection.tif,730,2339,780,7353822,2650.2634,106.3311,2808,158
S:\micro\asa\vid\smc\20200728_3PO_Screen\20200728_091910_390/,Plate001_Well2_Object6.tif_projection.tif,451,3030,692,3865098,2684.9033,106.7041,2732,200
S:\micro\asa\vid\smc\20200728_3PO_Screen\20200728_091910_390/,Plate000_Well3_Object0.tif_projection.tif,425,1383,458,3550913,2253.363,106.1934,2919,162
S:\micro\asa\vid\smc\20200728_3PO_Screen\20200728_091910_390/,Plate001_Well1_Object3.tif_projection.tif,900,3790,996,4180419,2489.8796,106.6126,2549,131
S:\micro\asa\vid\smc\20200728_3PO_Screen\20200728_091910_390/,Plate001_Well4_Object6.tif_projection.tif,482,2399,538,3660152,1953.7095,106.66,2186,181
S:\micro\asa\vid\smc\20200728_3PO_Screen\20200728_091910_390/,Plate002_Well3_Object6.tif_projection.tif,304,994,323,2253055,3042.7876,106.7951,2979,186
S:\micro\asa\vid\smc\20200728_3PO_Screen\20200728_091910_390/,Plate000_Well4_Object9.tif_projection.tif,568,1497,584,5000299,2040.8429,106.7623,3398,126
S:\micro\asa\vid\smc\20200728_3PO_Screen\20200728_091910_390/,Plate002_Well3_Object3.tif_projection.tif,0,1,0,694604,152.2598,105.7096,774,200
S:\micro\asa\vid\smc\20200728_3PO_Screen\20200728_091910_390/,Plate002_Well3_Object1.tif_projection.tif,620,1861,665,4108282,2312.2622,106.3799,3794,206
S:\micro\asa\vid\smc\20200728_3PO_Screen\20200728_091910_390/,Plate000_Well2_Object3.tif_projection.tif,1165,5204,1274,7192789,4392.0396,107.2361,2226,140
S:\micro\asa\vid\smc\20200728_3PO_Screen\20200728_091910_390/,Plate002_Well1_Object4.tif_projection.tif,802,4449,927,4280857,2223.5862,106.7115,2479,160
S:\micro\asa\vid\smc\20200728_3PO_Screen\20200728_091910_390/,Plate003_Well3_Object3.tif_projection.tif,244,1512,295,3026037,2714.8149,106.4588,2719,204
S:\micro\asa\vid\smc\20200728_3PO_Screen\20200728_091910_390/,Plate003_Well4_Object5.tif_projection.tif,621,3523,732,5846040,2363.4758,107.1971,1829,154
S:\micro\asa\vid\smc\20200728_3PO_Screen\20200728_091910_390/,Plate002_Well1_Object5.tif_projection.tif,478,2511,527,2167722,2982.8074,107.2888,2595,169
S:\micro\asa\vid\smc\20200728_3PO_Screen\20200728_091910_390/,Plate000_Well4_Object0.tif_projection.tif,511,1577,547,6127286,1911.0287,106.2306,1762,125
S:\micro\asa\vid\smc\20200728_3PO_Screen\20200728_091910_390/,Plate002_Well3_Object2.tif_projection.tif,263,920,276,2385985,3529.9292,107.0522,3293,253
S:\micro\asa\vid\smc\20200728_3PO_Screen\20200728_091910_390/,Plate002_Well4_Object6.tif_projection.tif,801,4332,898,4046916,2436.938,107.0876,3049,143
S:\micro\asa\vid\smc\20200728_3PO_Screen\20200728_091910_390/,Plate000_Well2_Object2.tif_projection.tif,1325,5428,1482,6826876,1997.6517,107.0497,2083,132
S:\micro\asa\vid\smc\20200728_3PO_Screen\20200728_091910_390/,Plate001_Well1_Object9.tif_projection.tif,818,2691,900,3358996,2953.7886,107.24,1764,145
S:\micro\asa\vid\smc\20200728_3PO_Screen\20200728_091910_390/,Plate003_Well2_Object7.tif_projection.tif,514,3469,608,3229461,2334.762,106.3815,2178,142
S:\micro\asa\vid\smc\20200728_3PO_Screen\20200728_091910_390/,Plate000_Well4_Object5.tif_projection.tif,231,488,241,2415585,1905.859,106.3554,2264,150
S:\micro\asa\vid\smc\20200728_3PO_Screen\20200728_091910_390/,Plate000_Well1_Object1.tif_projection.tif,633,2556,673,3781479,1910.5139,106.4401,2085,177
S:\micro\asa\vid\smc\20200728_3PO_Screen\20200728_091910_390/,Plate001_Well2_Object0.tif_projection.tif,167,951,190,1811644,2398.4241,106.7014,2538,177
S:\micro\asa\vid\smc\20200728_3PO_Screen\20200728_091910_390/,Plate001_Well2_Object2.tif_projection.tif,801,4240,1062,6917561,2224.269,106.5786,2333,146
S:\micro\asa\vid\smc\20200728_3PO_Screen\20200728_091910_390/,Plate002_Well2_Object9.tif_projection.tif,579,2875,657,4087785,2525.2266,106.6329,2758,146
S:\micro\asa\vid\smc\20200728_3PO_Screen\20200728_091910_390/,Plate003_Well4_Object7.tif_projection.tif,577,4451,692,3930007,2332.9395,106.914,2145,170
S:\micro\asa\vid\smc\20200728_3PO_Screen\20200728_091910_390/,Plate001_Well1_Object6.tif_projection.tif,1226,5447,1422,4986472,2350.3657,107.3059,2155,155
S:\micro\asa\vid\smc\20200728_3PO_Screen\20200728_091910_390/,Plate002_Well4_Object2.tif_projection.tif,415,2910,482,2995789,3233.9082,106.2718,2570,132
S:\micro\asa\vid\smc\20200728_3PO_Screen\20200728_091910_390/,Plate001_Well2_Object8.tif_projection.tif,147,1553,324,4100041,2475.4792,106.2888,2501,166
S:\micro\asa\vid\smc\20200728_3PO_Screen\20200728_091910_390/,Plate003_Well3_Object2.tif_projection.tif,245,1541,275,3627628,2404.1699,106.0029,2503,140
S:\micro\asa\vid\smc\20200728_3PO_Screen\20200728_091910_390/,Plate003_Well1_Object0.tif_projection.tif,282,2400,572,8329672,2435.8774,105.4851,3236,111
S:\micro\asa\vid\smc\20200728_3PO_Screen\20200728_091910_390/,Plate001_Well3_Object4.tif_projection.tif,947,3817,1049,4004969,1610.8276,106.5482,2460,170
S:\micro\asa\vid\smc\20200728_3PO_Screen\20200728_091910_390/,Plate001_Well3_Object9.tif_projection.tif,0,0,0,262689,108.3214,104.9097,385,169
S:\micro\asa\vid\smc\20200728_3PO_Screen\20200728_091910_390/,Plate003_Well4_Object2.tif_projection.tif,504,2706,614,2507039,2181.0071,106.9557,2168,172
